{"cameraMode":{"drawMode":0,"name":"Shaded","section":"Shading Mode"},"sceneLighting":true,"audioPlay":false,"sceneViewState":{"showFog":true,"showMaterialUpdate":false,"showSkybox":true,"showFlares":true,"showImageEffects":true,"showParticleSystems":true},"in2DMode":false,"pivot":{"x":40.064910888671878,"y":13.286462783813477,"z":139.03919982910157},"rotation":{"x":-0.172957181930542,"y":-0.19304795563220979,"z":0.034593366086483,"w":-0.9652054905891419},"size":32.08451843261719,"orthographic":false}